[{"model": "auth.user", "pk": 1, "fields": {"password": "pbkdf2_sha256$1000000$0XeI3hYIrrQWYDSKAVQo7r$9Y285aDkGIh277DYiSHfTyBzUHtUf+Cz8cNO1rZpis4=", "last_login": "2026-02-21T08:41:35.360Z", "is_superuser": true, "username": "admin", "first_name": "", "last_name": "", "email": "admin@example.com", "is_staff": true, "is_active": true, "date_joined": "2026-02-11T09:40:12.280Z", "groups": [], "user_permissions": []}}, {"model": "as_app.companycategory", "pk": 1, "fields": {"name": "다스"}}, {"model": "as_app.company", "pk": 1, "fields": {"name": "다스 (미국GA)", "price_group": 1, "region": "미국", "address": ""}}, {"model": "as_app.company", "pk": 2, "fields": {"name": "다스 (경주)", "price_group": 1, "region": "한국", "address": ""}}, {"model": "as_app.brand", "pk": 1, "fields": {"name": "CLECO"}}, {"model": "as_app.brand", "pk": 2, "fields": {"name": "AVDEL"}}, {"model": "as_app.tool", "pk": 1, "fields": {"brand": 1, "model_name": "48EAE41AM3"}}, {"model": "as_app.tool", "pk": 2, "fields": {"brand": 1, "model_name": "48ESE36D3"}}, {"model": "as_app.tool", "pk": 3, "fields": {"brand": 2, "model_name": "락볼트"}}, {"model": "as_app.tool", "pk": 4, "fields": {"brand": 2, "model_name": "락볼트_건"}}, {"model": "as_app.tool", "pk": 5, "fields": {"brand": 2, "model_name": "락볼트_본체"}}, {"model": "as_app.part", "pk": 1, "fields": {"name": "비타", "code": "0118-2201", "price": 100000, "part_type": "common", "tools": []}}, {"model": "as_app.part", "pk": 2, "fields": {"name": "너트", "code": "NUT-001", "price": 5000, "part_type": "dedicated", "tools": [3]}}, {"model": "as_app.part", "pk": 3, "fields": {"name": "조 세트", "code": "JAW-001", "price": 15000, "part_type": "dedicated", "tools": [3]}}, {"model": "as_app.part", "pk": 4, "fields": {"name": "노즈 피스", "code": "NP-001", "price": 20000, "part_type": "dedicated", "tools": [3]}}, {"model": "as_app.part", "pk": 5, "fields": {"name": "버튼", "code": "156", "price": 10000, "part_type": "common", "tools": [1, 2]}}, {"model": "as_app.repairpreset", "pk": 1, "fields": {"name": "락볼트 기본수리", "tools": [3], "parts": [2, 1, 3]}}, {"model": "as_app.repairpreset", "pk": 2, "fields": {"name": "락볼트 오버홀", "tools": [3], "parts": [2, 4, 1, 3]}}, {"model": "as_app.repairpreset", "pk": 3, "fields": {"name": "락볼트 시시", "tools": [3, 4], "parts": [2, 4, 1, 3]}}, {"model": "as_app.inboundbatch", "pk": 1, "fields": {"inbound_date": "2026-02-11", "company": 1, "manager": "", "memo": "", "created_at": "2026-02-11T11:45:11.136Z"}}, {"model": "as_app.inboundbatch", "pk": 2, "fields": {"inbound_date": "2026-02-11", "company": 2, "manager": "", "memo": "", "created_at": "2026-02-11T12:22:14.762Z"}}, {"model": "as_app.inboundbatch", "pk": 3, "fields": {"inbound_date": "2026-02-11", "company": 1, "manager": "이정목", "memo": "", "created_at": "2026-02-11T12:40:03.751Z"}}, {"model": "as_app.inboundbatch", "pk": 4, "fields": {"inbound_date": "1111-11-11", "company": 2, "manager": "", "memo": "", "created_at": "2026-02-11T14:24:04.937Z"}}, {"model": "as_app.inboundbatch", "pk": 5, "fields": {"inbound_date": "2026-02-11", "company": 2, "manager": "이정목", "memo": "", "created_at": "2026-02-11T14:42:17.648Z"}}, {"model": "as_app.inboundbatch", "pk": 6, "fields": {"inbound_date": "2026-02-15", "company": 2, "manager": "", "memo": "", "created_at": "2026-02-15T08:31:31.991Z"}}, {"model": "as_app.inboundbatch", "pk": 7, "fields": {"inbound_date": "2026-02-16", "company": 1, "manager": "시작실", "memo": "", "created_at": "2026-02-15T08:34:58.208Z"}}, {"model": "as_app.inboundbatch", "pk": 8, "fields": {"inbound_date": "2026-02-15", "company": 1, "manager": "생산기술", "memo": "", "created_at": "2026-02-15T08:35:18.224Z"}}, {"model": "as_app.inboundbatch", "pk": 9, "fields": {"inbound_date": "2026-02-15", "company": 1, "manager": "생산기술", "memo": "", "created_at": "2026-02-15T08:43:49.388Z"}}, {"model": "as_app.inboundbatch", "pk": 10, "fields": {"inbound_date": "2026-02-19", "company": 2, "manager": "", "memo": "", "created_at": "2026-02-18T16:58:33.389Z"}}, {"model": "as_app.inboundbatch", "pk": 11, "fields": {"inbound_date": "2026-02-19", "company": 2, "manager": "", "memo": "", "created_at": "2026-02-18T17:07:07.797Z"}}, {"model": "as_app.inboundbatch", "pk": 12, "fields": {"inbound_date": "2026-02-19", "company": 2, "manager": "", "memo": "", "created_at": "2026-02-18T17:07:22.393Z"}}, {"model": "as_app.inboundbatch", "pk": 16, "fields": {"inbound_date": "2026-02-21", "company": 2, "manager": "", "memo": "", "created_at": "2026-02-20T18:47:17.217Z"}}, {"model": "as_app.inboundbatch", "pk": 17, "fields": {"inbound_date": "2026-02-09", "company": 1, "manager": "", "memo": "", "created_at": "2026-02-20T19:20:36.074Z"}}, {"model": "as_app.outsourcecompany", "pk": 1, "fields": {"name": "풍산교역", "contact": "", "memo": ""}}, {"model": "as_app.outsourcecompany", "pk": 2, "fields": {"name": "청호산업", "contact": "", "memo": ""}}, {"model": "as_app.asticket", "pk": 1, "fields": {"inbound_batch": 1, "inbound_date": "2026-02-11", "company": 1, "manager": "", "tool": 5, "serial_number": "255/2011", "symptom": "", "repair_content": "", "repair_cost": 0, "status": "inbound", "outsource_company": null, "outbound_date": null, "estimate_status": false, "tax_invoice": false, "created_at": "2026-02-11T11:45:11.138Z", "updated_at": "2026-02-11T11:45:11.138Z", "used_parts": []}}, {"model": "as_app.asticket", "pk": 2, "fields": {"inbound_batch": 1, "inbound_date": "2026-02-11", "company": 1, "manager": "", "tool": 1, "serial_number": "12588", "symptom": "", "repair_content": "", "repair_cost": 11000, "status": "shipped", "outsource_company": null, "outbound_date": "2026-02-18", "estimate_status": false, "tax_invoice": false, "created_at": "2026-02-11T11:45:11.139Z", "updated_at": "2026-02-20T14:36:37.968Z", "used_parts": [5]}}, {"model": "as_app.asticket", "pk": 3, "fields": {"inbound_batch": 2, "inbound_date": "2026-02-11", "company": 2, "manager": "", "tool": 3, "serial_number": "255/2011", "symptom": "", "repair_content": "", "repair_cost": 0, "status": "inbound", "outsource_company": null, "outbound_date": null, "estimate_status": false, "tax_invoice": false, "created_at": "2026-02-11T12:22:14.764Z", "updated_at": "2026-02-11T12:42:51.282Z", "used_parts": []}}, {"model": "as_app.asticket", "pk": 4, "fields": {"inbound_batch": 3, "inbound_date": "2026-02-11", "company": 1, "manager": "이정목", "tool": 4, "serial_number": "56465", "symptom": "", "repair_content": "", "repair_cost": 110000, "status": "shipped", "outsource_company": null, "outbound_date": "2026-02-27", "estimate_status": false, "tax_invoice": false, "created_at": "2026-02-11T12:40:03.754Z", "updated_at": "2026-02-11T14:22:21.513Z", "used_parts": [1]}}, {"model": "as_app.asticket", "pk": 5, "fields": {"inbound_batch": 4, "inbound_date": "1111-11-11", "company": 2, "manager": "", "tool": 4, "serial_number": "23", "symptom": "", "repair_content": "", "repair_cost": 0, "status": "inbound", "outsource_company": null, "outbound_date": null, "estimate_status": false, "tax_invoice": false, "created_at": "2026-02-11T14:24:04.940Z", "updated_at": "2026-02-11T14:24:04.940Z", "used_parts": []}}, {"model": "as_app.asticket", "pk": 6, "fields": {"inbound_batch": 5, "inbound_date": "2026-02-11", "company": 2, "manager": "이정목", "tool": 3, "serial_number": "9+59/8+4", "symptom": "", "repair_content": "", "repair_cost": 0, "status": "inbound", "outsource_company": null, "outbound_date": null, "estimate_status": false, "tax_invoice": false, "created_at": "2026-02-11T14:42:17.650Z", "updated_at": "2026-02-11T14:42:17.650Z", "used_parts": []}}, {"model": "as_app.asticket", "pk": 7, "fields": {"inbound_batch": 6, "inbound_date": "2026-02-15", "company": 2, "manager": "", "tool": 3, "serial_number": "255/2012", "symptom": "", "repair_content": "", "repair_cost": 132000, "status": "shipped", "outsource_company": null, "outbound_date": "2026-02-27", "estimate_status": false, "tax_invoice": false, "created_at": "2026-02-15T08:31:31.993Z", "updated_at": "2026-02-20T13:24:58.047Z", "used_parts": [2, 1, 3]}}, {"model": "as_app.asticket", "pk": 8, "fields": {"inbound_batch": 7, "inbound_date": "2026-02-16", "company": 1, "manager": "시작실", "tool": 5, "serial_number": "56465", "symptom": "", "repair_content": "", "repair_cost": 0, "status": "disposed", "outsource_company": null, "outbound_date": null, "estimate_status": false, "tax_invoice": false, "created_at": "2026-02-15T08:34:58.211Z", "updated_at": "2026-02-15T09:36:42.167Z", "used_parts": []}}, {"model": "as_app.asticket", "pk": 9, "fields": {"inbound_batch": 8, "inbound_date": "2026-02-15", "company": 1, "manager": "생산기술", "tool": 4, "serial_number": "2552/2012", "symptom": "", "repair_content": "", "repair_cost": 110000, "status": "shipped", "outsource_company": null, "outbound_date": "2026-02-20", "estimate_status": false, "tax_invoice": false, "created_at": "2026-02-15T08:35:18.226Z", "updated_at": "2026-02-20T13:10:12.893Z", "used_parts": [1]}}, {"model": "as_app.asticket", "pk": 10, "fields": {"inbound_batch": 9, "inbound_date": "2026-02-15", "company": 1, "manager": "생산기술", "tool": 3, "serial_number": "a1", "symptom": "", "repair_content": "", "repair_cost": 154000, "status": "shipped", "outsource_company": null, "outbound_date": "2026-02-20", "estimate_status": false, "tax_invoice": false, "created_at": "2026-02-15T08:43:49.391Z", "updated_at": "2026-02-20T12:59:03.378Z", "used_parts": [2, 4, 1, 3]}}, {"model": "as_app.asticket", "pk": 11, "fields": {"inbound_batch": 9, "inbound_date": "2026-02-15", "company": 1, "manager": "생산기술", "tool": 3, "serial_number": "a2", "symptom": "", "repair_content": "", "repair_cost": 110000, "status": "shipped", "outsource_company": null, "outbound_date": "2026-02-20", "estimate_status": false, "tax_invoice": false, "created_at": "2026-02-15T08:43:49.392Z", "updated_at": "2026-02-15T10:01:37.390Z", "used_parts": [1]}}, {"model": "as_app.asticket", "pk": 12, "fields": {"inbound_batch": 9, "inbound_date": "2026-02-15", "company": 1, "manager": "생산기술", "tool": 3, "serial_number": "a3", "symptom": "", "repair_content": "", "repair_cost": 110000, "status": "shipped", "outsource_company": null, "outbound_date": "2026-02-17", "estimate_status": true, "tax_invoice": true, "created_at": "2026-02-15T08:43:49.392Z", "updated_at": "2026-02-15T09:57:16.204Z", "used_parts": [1]}}, {"model": "as_app.asticket", "pk": 13, "fields": {"inbound_batch": 10, "inbound_date": "2026-02-19", "company": 2, "manager": "", "tool": 3, "serial_number": "11", "symptom": "", "repair_content": "", "repair_cost": 132000, "status": "shipped", "outsource_company": null, "outbound_date": "2026-02-17", "estimate_status": false, "tax_invoice": false, "created_at": "2026-02-18T16:58:33.417Z", "updated_at": "2026-02-20T12:58:31.348Z", "used_parts": [2, 1, 3]}}, {"model": "as_app.asticket", "pk": 14, "fields": {"inbound_batch": 10, "inbound_date": "2026-02-19", "company": 2, "manager": "", "tool": 3, "serial_number": "22", "symptom": "", "repair_content": "", "repair_cost": 110000, "status": "shipped", "outsource_company": null, "outbound_date": "2026-02-17", "estimate_status": false, "tax_invoice": false, "created_at": "2026-02-18T16:58:33.419Z", "updated_at": "2026-02-20T12:13:33.509Z", "used_parts": [1]}}, {"model": "as_app.asticket", "pk": 15, "fields": {"inbound_batch": 10, "inbound_date": "2026-02-19", "company": 2, "manager": "", "tool": 3, "serial_number": "33", "symptom": "", "repair_content": "", "repair_cost": 110000, "status": "shipped", "outsource_company": null, "outbound_date": "2026-02-17", "estimate_status": false, "tax_invoice": false, "created_at": "2026-02-18T16:58:33.420Z", "updated_at": "2026-02-20T12:09:32.879Z", "used_parts": [1]}}, {"model": "as_app.asticket", "pk": 16, "fields": {"inbound_batch": 10, "inbound_date": "2026-02-19", "company": 2, "manager": "", "tool": 4, "serial_number": "11", "symptom": "", "repair_content": "", "repair_cost": 0, "status": "shipped", "outsource_company": null, "outbound_date": "2026-02-19", "estimate_status": true, "tax_invoice": false, "created_at": "2026-02-18T16:58:33.421Z", "updated_at": "2026-02-18T16:58:33.421Z", "used_parts": []}}, {"model": "as_app.asticket", "pk": 17, "fields": {"inbound_batch": 10, "inbound_date": "2026-02-19", "company": 2, "manager": "", "tool": 4, "serial_number": "22", "symptom": "", "repair_content": "", "repair_cost": 0, "status": "shipped", "outsource_company": null, "outbound_date": "2026-02-19", "estimate_status": true, "tax_invoice": true, "created_at": "2026-02-18T16:58:33.422Z", "updated_at": "2026-02-21T11:49:59.417Z", "used_parts": []}}, {"model": "as_app.asticket", "pk": 18, "fields": {"inbound_batch": 10, "inbound_date": "2026-02-19", "company": 2, "manager": "", "tool": 4, "serial_number": "33", "symptom": "", "repair_content": "", "repair_cost": 0, "status": "shipped", "outsource_company": null, "outbound_date": "2026-02-19", "estimate_status": true, "tax_invoice": true, "created_at": "2026-02-18T16:58:33.423Z", "updated_at": "2026-02-21T11:49:59.416Z", "used_parts": []}}, {"model": "as_app.asticket", "pk": 19, "fields": {"inbound_batch": 16, "inbound_date": "2026-02-21", "company": 2, "manager": "", "tool": 1, "serial_number": "12348", "symptom": "", "repair_content": "", "repair_cost": 0, "status": "inbound", "outsource_company": null, "outbound_date": null, "estimate_status": false, "tax_invoice": false, "created_at": "2026-02-20T18:47:17.221Z", "updated_at": "2026-02-20T18:47:17.221Z", "used_parts": []}}, {"model": "as_app.asticket", "pk": 20, "fields": {"inbound_batch": 16, "inbound_date": "2026-02-21", "company": 2, "manager": "", "tool": 1, "serial_number": "14984", "symptom": "", "repair_content": "", "repair_cost": 0, "status": "inbound", "outsource_company": null, "outbound_date": null, "estimate_status": false, "tax_invoice": false, "created_at": "2026-02-20T18:47:17.222Z", "updated_at": "2026-02-20T18:47:17.222Z", "used_parts": []}}, {"model": "as_app.asticket", "pk": 21, "fields": {"inbound_batch": 16, "inbound_date": "2026-02-21", "company": 2, "manager": "", "tool": 3, "serial_number": "222/2019", "symptom": "", "repair_content": "", "repair_cost": 132000, "status": "repaired", "outsource_company": null, "outbound_date": null, "estimate_status": true, "tax_invoice": false, "created_at": "2026-02-20T18:47:17.222Z", "updated_at": "2026-02-21T09:08:45.730Z", "used_parts": [2, 1, 3]}}, {"model": "as_app.asticket", "pk": 22, "fields": {"inbound_batch": 16, "inbound_date": "2026-02-21", "company": 2, "manager": "", "tool": 3, "serial_number": "333/2019", "symptom": "", "repair_content": "", "repair_cost": 126500, "status": "shipped", "outsource_company": null, "outbound_date": "2026-02-18", "estimate_status": true, "tax_invoice": true, "created_at": "2026-02-20T18:47:17.222Z", "updated_at": "2026-02-21T11:49:59.412Z", "used_parts": [1, 3]}}, {"model": "as_app.asticket", "pk": 23, "fields": {"inbound_batch": 17, "inbound_date": "2026-02-09", "company": 1, "manager": "", "tool": 4, "serial_number": "1121234ㅁㄴㅇ", "symptom": "", "repair_content": "", "repair_cost": 0, "status": "inbound", "outsource_company": null, "outbound_date": null, "estimate_status": false, "tax_invoice": false, "created_at": "2026-02-20T19:20:36.076Z", "updated_at": "2026-02-20T19:20:36.076Z", "used_parts": []}}]